sub_id,turf_id,scenario,species_richness
10_1,MX_C_010,current,2
10_1,MX_C_010,rcp26_2050,2
10_1,MX_C_010,rcp26_2100,1
10_1,MX_C_010,rcp45_2050,1
10_1,MX_C_010,rcp45_2100,1
10_1,MX_C_010,rcp85_2050,1
10_1,MX_C_010,rcp85_2100,1
12_1,MX_C_012,current,0
12_1,MX_C_012,rcp26_2050,0
12_1,MX_C_012,rcp26_2100,0
12_1,MX_C_012,rcp45_2050,0
12_1,MX_C_012,rcp45_2100,0
12_1,MX_C_012,rcp85_2050,0
12_1,MX_C_012,rcp85_2100,0
12_2,MX_C_012,current,2
12_2,MX_C_012,rcp26_2050,2
12_2,MX_C_012,rcp26_2100,1
12_2,MX_C_012,rcp45_2050,1
12_2,MX_C_012,rcp45_2100,1
12_2,MX_C_012,rcp85_2050,1
12_2,MX_C_012,rcp85_2100,1
18_1,MX_C_018,current,9
18_1,MX_C_018,rcp26_2050,9
18_1,MX_C_018,rcp26_2100,9
18_1,MX_C_018,rcp45_2050,9
18_1,MX_C_018,rcp45_2100,9
18_1,MX_C_018,rcp85_2050,9
18_1,MX_C_018,rcp85_2100,9
193_1,MX_C_193,current,0
193_1,MX_C_193,rcp26_2050,0
193_1,MX_C_193,rcp26_2100,0
193_1,MX_C_193,rcp45_2050,0
193_1,MX_C_193,rcp45_2100,0
193_1,MX_C_193,rcp85_2050,0
193_1,MX_C_193,rcp85_2100,0
196_1,MX_C_196,current,1
196_1,MX_C_196,rcp26_2050,1
196_1,MX_C_196,rcp26_2100,1
196_1,MX_C_196,rcp45_2050,1
196_1,MX_C_196,rcp45_2100,1
196_1,MX_C_196,rcp85_2050,1
196_1,MX_C_196,rcp85_2100,1
198_1,MX_C_198,current,1
198_1,MX_C_198,rcp26_2050,1
198_1,MX_C_198,rcp26_2100,1
198_1,MX_C_198,rcp45_2050,1
198_1,MX_C_198,rcp45_2100,1
198_1,MX_C_198,rcp85_2050,1
198_1,MX_C_198,rcp85_2100,1
199_1,MX_C_199,current,2
199_1,MX_C_199,rcp26_2050,2
199_1,MX_C_199,rcp26_2100,2
199_1,MX_C_199,rcp45_2050,2
199_1,MX_C_199,rcp45_2100,2
199_1,MX_C_199,rcp85_2050,2
199_1,MX_C_199,rcp85_2100,2
201_1,MX_C_201,current,2
201_1,MX_C_201,rcp26_2050,2
201_1,MX_C_201,rcp26_2100,2
201_1,MX_C_201,rcp45_2050,2
201_1,MX_C_201,rcp45_2100,2
201_1,MX_C_201,rcp85_2050,2
201_1,MX_C_201,rcp85_2100,2
203_1,MX_C_203,current,0
203_1,MX_C_203,rcp26_2050,0
203_1,MX_C_203,rcp26_2100,0
203_1,MX_C_203,rcp45_2050,0
203_1,MX_C_203,rcp45_2100,0
203_1,MX_C_203,rcp85_2050,0
203_1,MX_C_203,rcp85_2100,0
205_1,MX_C_205,current,0
205_1,MX_C_205,rcp26_2050,0
205_1,MX_C_205,rcp26_2100,0
205_1,MX_C_205,rcp45_2050,0
205_1,MX_C_205,rcp45_2100,0
205_1,MX_C_205,rcp85_2050,0
205_1,MX_C_205,rcp85_2100,0
209_1,MX_C_209,current,0
209_1,MX_C_209,rcp26_2050,0
209_1,MX_C_209,rcp26_2100,0
209_1,MX_C_209,rcp45_2050,0
209_1,MX_C_209,rcp45_2100,0
209_1,MX_C_209,rcp85_2050,0
209_1,MX_C_209,rcp85_2100,0
211_1,MX_C_211,current,1
211_1,MX_C_211,rcp26_2050,1
211_1,MX_C_211,rcp26_2100,1
211_1,MX_C_211,rcp45_2050,1
211_1,MX_C_211,rcp45_2100,1
211_1,MX_C_211,rcp85_2050,1
211_1,MX_C_211,rcp85_2100,1
213_1,MX_C_213,current,1
213_1,MX_C_213,rcp26_2050,1
213_1,MX_C_213,rcp26_2100,1
213_1,MX_C_213,rcp45_2050,1
213_1,MX_C_213,rcp45_2100,1
213_1,MX_C_213,rcp85_2050,1
213_1,MX_C_213,rcp85_2100,0
214_1,MX_C_214,current,1
214_1,MX_C_214,rcp26_2050,0
214_1,MX_C_214,rcp26_2100,0
214_1,MX_C_214,rcp45_2050,0
214_1,MX_C_214,rcp45_2100,0
214_1,MX_C_214,rcp85_2050,0
214_1,MX_C_214,rcp85_2100,0
215_1,MX_C_215,current,1
215_1,MX_C_215,rcp26_2050,0
215_1,MX_C_215,rcp26_2100,0
215_1,MX_C_215,rcp45_2050,0
215_1,MX_C_215,rcp45_2100,0
215_1,MX_C_215,rcp85_2050,0
215_1,MX_C_215,rcp85_2100,0
216_1,MX_C_216,current,1
216_1,MX_C_216,rcp26_2050,1
216_1,MX_C_216,rcp26_2100,1
216_1,MX_C_216,rcp45_2050,1
216_1,MX_C_216,rcp45_2100,1
216_1,MX_C_216,rcp85_2050,1
216_1,MX_C_216,rcp85_2100,0
217_1,MX_C_217,current,1
217_1,MX_C_217,rcp26_2050,1
217_1,MX_C_217,rcp26_2100,1
217_1,MX_C_217,rcp45_2050,1
217_1,MX_C_217,rcp45_2100,1
217_1,MX_C_217,rcp85_2050,1
217_1,MX_C_217,rcp85_2100,0
22_1,MX_C_022,current,10
22_1,MX_C_022,rcp26_2050,10
22_1,MX_C_022,rcp26_2100,10
22_1,MX_C_022,rcp45_2050,10
22_1,MX_C_022,rcp45_2100,10
22_1,MX_C_022,rcp85_2050,10
22_1,MX_C_022,rcp85_2100,10
24_1,MX_C_024,current,4
24_1,MX_C_024,rcp26_2050,4
24_1,MX_C_024,rcp26_2100,4
24_1,MX_C_024,rcp45_2050,4
24_1,MX_C_024,rcp45_2100,4
24_1,MX_C_024,rcp85_2050,4
24_1,MX_C_024,rcp85_2100,4
25_1,MX_C_025,current,7
25_1,MX_C_025,rcp26_2050,7
25_1,MX_C_025,rcp26_2100,7
25_1,MX_C_025,rcp45_2050,7
25_1,MX_C_025,rcp45_2100,7
25_1,MX_C_025,rcp85_2050,7
25_1,MX_C_025,rcp85_2100,8
26_1,MX_C_026,current,3
26_1,MX_C_026,rcp26_2050,3
26_1,MX_C_026,rcp26_2100,3
26_1,MX_C_026,rcp45_2050,3
26_1,MX_C_026,rcp45_2100,3
26_1,MX_C_026,rcp85_2050,3
26_1,MX_C_026,rcp85_2100,3
27_1,MX_C_027,current,3
27_1,MX_C_027,rcp26_2050,3
27_1,MX_C_027,rcp26_2100,3
27_1,MX_C_027,rcp45_2050,3
27_1,MX_C_027,rcp45_2100,3
27_1,MX_C_027,rcp85_2050,3
27_1,MX_C_027,rcp85_2100,3
29_1,MX_C_029,current,8
29_1,MX_C_029,rcp26_2050,8
29_1,MX_C_029,rcp26_2100,8
29_1,MX_C_029,rcp45_2050,7
29_1,MX_C_029,rcp45_2100,7
29_1,MX_C_029,rcp85_2050,7
29_1,MX_C_029,rcp85_2100,6
31_1,MX_C_031,current,9
31_1,MX_C_031,rcp26_2050,9
31_1,MX_C_031,rcp26_2100,9
31_1,MX_C_031,rcp45_2050,9
31_1,MX_C_031,rcp45_2100,9
31_1,MX_C_031,rcp85_2050,9
31_1,MX_C_031,rcp85_2100,9
32_1,MX_C_032,current,9
32_1,MX_C_032,rcp26_2050,9
32_1,MX_C_032,rcp26_2100,9
32_1,MX_C_032,rcp45_2050,9
32_1,MX_C_032,rcp45_2100,9
32_1,MX_C_032,rcp85_2050,9
32_1,MX_C_032,rcp85_2100,9
9_1,MX_C_009,current,7
9_1,MX_C_009,rcp26_2050,7
9_1,MX_C_009,rcp26_2100,7
9_1,MX_C_009,rcp45_2050,7
9_1,MX_C_009,rcp45_2100,7
9_1,MX_C_009,rcp85_2050,7
9_1,MX_C_009,rcp85_2100,7
stuart_1,NA,current,1
stuart_1,NA,rcp26_2050,1
stuart_1,NA,rcp26_2100,1
stuart_1,NA,rcp45_2050,1
stuart_1,NA,rcp45_2100,1
stuart_1,NA,rcp85_2050,1
stuart_1,NA,rcp85_2100,1
stuart_2,NA,current,1
stuart_2,NA,rcp26_2050,1
stuart_2,NA,rcp26_2100,1
stuart_2,NA,rcp45_2050,1
stuart_2,NA,rcp45_2100,1
stuart_2,NA,rcp85_2050,1
stuart_2,NA,rcp85_2100,1
stuart_3,NA,current,1
stuart_3,NA,rcp26_2050,1
stuart_3,NA,rcp26_2100,1
stuart_3,NA,rcp45_2050,1
stuart_3,NA,rcp45_2100,1
stuart_3,NA,rcp85_2050,1
stuart_3,NA,rcp85_2100,1
stuart_4,NA,current,1
stuart_4,NA,rcp26_2050,1
stuart_4,NA,rcp26_2100,1
stuart_4,NA,rcp45_2050,1
stuart_4,NA,rcp45_2100,1
stuart_4,NA,rcp85_2050,1
stuart_4,NA,rcp85_2100,1
stuart_5,NA,current,1
stuart_5,NA,rcp26_2050,1
stuart_5,NA,rcp26_2100,1
stuart_5,NA,rcp45_2050,1
stuart_5,NA,rcp45_2100,1
stuart_5,NA,rcp85_2050,1
stuart_5,NA,rcp85_2100,1
stuart_6,NA,current,1
stuart_6,NA,rcp26_2050,1
stuart_6,NA,rcp26_2100,1
stuart_6,NA,rcp45_2050,1
stuart_6,NA,rcp45_2100,1
stuart_6,NA,rcp85_2050,1
stuart_6,NA,rcp85_2100,1
stuart_7,NA,current,1
stuart_7,NA,rcp26_2050,1
stuart_7,NA,rcp26_2100,1
stuart_7,NA,rcp45_2050,1
stuart_7,NA,rcp45_2100,1
stuart_7,NA,rcp85_2050,1
stuart_7,NA,rcp85_2100,1
stuart_8,NA,current,1
stuart_8,NA,rcp26_2050,1
stuart_8,NA,rcp26_2100,1
stuart_8,NA,rcp45_2050,1
stuart_8,NA,rcp45_2100,1
stuart_8,NA,rcp85_2050,1
stuart_8,NA,rcp85_2100,1
stuart_9,NA,current,1
stuart_9,NA,rcp26_2050,1
stuart_9,NA,rcp26_2100,1
stuart_9,NA,rcp45_2050,1
stuart_9,NA,rcp45_2100,1
stuart_9,NA,rcp85_2050,1
stuart_9,NA,rcp85_2100,1
