sub_id,turf_id,aphia_id,mean_hsi,percent_suitable,present,scenario
18_1,MX_C_018,125185,856.152059500558,100,TRUE,current
31_1,MX_C_031,125185,847.1876576741537,100,TRUE,current
32_1,MX_C_032,125185,857.3569393157959,100,TRUE,current
18_1,MX_C_018,125185,841.0099434988839,100,TRUE,rcp26_2050
31_1,MX_C_031,125185,834.4911855061849,100,TRUE,rcp26_2050
32_1,MX_C_032,125185,854.1501216888428,100,TRUE,rcp26_2050
18_1,MX_C_018,125185,843.1955496651785,100,TRUE,rcp26_2100
31_1,MX_C_031,125185,830.28125,100,TRUE,rcp26_2100
32_1,MX_C_032,125185,847.8002986907959,100,TRUE,rcp26_2100
18_1,MX_C_018,125185,845.5578299386161,100,TRUE,rcp45_2050
31_1,MX_C_031,125185,838.3039296468099,100,TRUE,rcp45_2050
32_1,MX_C_032,125185,855.2990684509277,100,TRUE,rcp45_2050
18_1,MX_C_018,125185,844.429314313616,100,TRUE,rcp45_2100
31_1,MX_C_031,125185,830.9683481852213,100,TRUE,rcp45_2100
32_1,MX_C_032,125185,843.5329322814941,100,TRUE,rcp45_2100
18_1,MX_C_018,125185,845.2606567382812,100,TRUE,rcp85_2050
31_1,MX_C_031,125185,827.7669881184896,100,TRUE,rcp85_2050
32_1,MX_C_032,125185,839.7926368713379,100,TRUE,rcp85_2050
18_1,MX_C_018,125185,841.7423357282366,100,TRUE,rcp85_2100
31_1,MX_C_031,125185,829.4936726888021,100,TRUE,rcp85_2100
32_1,MX_C_032,125185,844.4043273925781,100,TRUE,rcp85_2100
211_1,MX_C_211,140657,982,100,TRUE,current
199_1,MX_C_199,140657,993,100,TRUE,current
198_1,MX_C_198,140657,708.6666666666666,100,TRUE,current
196_1,MX_C_196,140657,835.5,100,TRUE,current
193_1,MX_C_193,140657,NA,NA,NA,current
203_1,MX_C_203,140657,NA,NA,NA,current
209_1,MX_C_209,140657,NA,NA,NA,current
205_1,MX_C_205,140657,NA,NA,NA,current
201_1,MX_C_201,140657,786.75,100,TRUE,current
211_1,MX_C_211,140657,940.5,100,TRUE,rcp26_2050
199_1,MX_C_199,140657,899,100,TRUE,rcp26_2050
198_1,MX_C_198,140657,604.5,66.66666666666667,TRUE,rcp26_2050
196_1,MX_C_196,140657,936,66.66666666666667,TRUE,rcp26_2050
193_1,MX_C_193,140657,NA,NA,NA,rcp26_2050
203_1,MX_C_203,140657,NA,NA,NA,rcp26_2050
209_1,MX_C_209,140657,NA,NA,NA,rcp26_2050
205_1,MX_C_205,140657,NA,NA,NA,rcp26_2050
201_1,MX_C_201,140657,774.3333333333334,75,TRUE,rcp26_2050
211_1,MX_C_211,140657,940.5,100,TRUE,rcp26_2100
199_1,MX_C_199,140657,899,100,TRUE,rcp26_2100
198_1,MX_C_198,140657,604.5,66.66666666666667,TRUE,rcp26_2100
196_1,MX_C_196,140657,936,66.66666666666667,TRUE,rcp26_2100
193_1,MX_C_193,140657,NA,NA,NA,rcp26_2100
203_1,MX_C_203,140657,NA,NA,NA,rcp26_2100
209_1,MX_C_209,140657,NA,NA,NA,rcp26_2100
205_1,MX_C_205,140657,NA,NA,NA,rcp26_2100
201_1,MX_C_201,140657,774.3333333333334,75,TRUE,rcp26_2100
211_1,MX_C_211,140657,918.5,100,TRUE,rcp45_2050
199_1,MX_C_199,140657,893,100,TRUE,rcp45_2050
198_1,MX_C_198,140657,653.5,66.66666666666667,TRUE,rcp45_2050
196_1,MX_C_196,140657,921.5,66.66666666666667,TRUE,rcp45_2050
193_1,MX_C_193,140657,NA,NA,NA,rcp45_2050
203_1,MX_C_203,140657,NA,NA,NA,rcp45_2050
209_1,MX_C_209,140657,NA,NA,NA,rcp45_2050
205_1,MX_C_205,140657,NA,NA,NA,rcp45_2050
201_1,MX_C_201,140657,832.3333333333334,75,TRUE,rcp45_2050
211_1,MX_C_211,140657,905,100,TRUE,rcp45_2100
199_1,MX_C_199,140657,885,100,TRUE,rcp45_2100
198_1,MX_C_198,140657,549,66.66666666666667,TRUE,rcp45_2100
196_1,MX_C_196,140657,805.25,66.66666666666667,TRUE,rcp45_2100
193_1,MX_C_193,140657,NA,NA,NA,rcp45_2100
203_1,MX_C_203,140657,NA,NA,NA,rcp45_2100
209_1,MX_C_209,140657,NA,NA,NA,rcp45_2100
205_1,MX_C_205,140657,NA,NA,NA,rcp45_2100
201_1,MX_C_201,140657,578.3333333333334,75,TRUE,rcp45_2100
211_1,MX_C_211,140657,907.5,100,TRUE,rcp85_2050
199_1,MX_C_199,140657,900,100,TRUE,rcp85_2050
198_1,MX_C_198,140657,579.5,66.66666666666667,TRUE,rcp85_2050
196_1,MX_C_196,140657,837,66.66666666666667,TRUE,rcp85_2050
193_1,MX_C_193,140657,NA,NA,NA,rcp85_2050
203_1,MX_C_203,140657,NA,NA,NA,rcp85_2050
209_1,MX_C_209,140657,NA,NA,NA,rcp85_2050
205_1,MX_C_205,140657,NA,NA,NA,rcp85_2050
201_1,MX_C_201,140657,616.6666666666666,75,TRUE,rcp85_2050
211_1,MX_C_211,140657,537,100,TRUE,rcp85_2100
199_1,MX_C_199,140657,533,100,TRUE,rcp85_2100
198_1,MX_C_198,140657,NA,0,FALSE,rcp85_2100
196_1,MX_C_196,140657,557.5,33.333333333333336,TRUE,rcp85_2100
193_1,MX_C_193,140657,NA,NA,NA,rcp85_2100
203_1,MX_C_203,140657,NA,NA,NA,rcp85_2100
209_1,MX_C_209,140657,NA,NA,NA,rcp85_2100
205_1,MX_C_205,140657,NA,NA,NA,rcp85_2100
201_1,MX_C_201,140657,503,25,TRUE,rcp85_2100
9_1,MX_C_009,210358,NA,0,FALSE,current
25_1,MX_C_025,210358,733.7333333333333,93.75,TRUE,current
22_1,MX_C_022,210358,792.0888888888888,100,TRUE,current
29_1,MX_C_029,210358,663.5,100,TRUE,current
9_1,MX_C_009,210358,NA,0,FALSE,rcp26_2050
25_1,MX_C_025,210358,848.75,100,TRUE,rcp26_2050
22_1,MX_C_022,210358,815.1111111111111,100,TRUE,rcp26_2050
29_1,MX_C_029,210358,726,100,TRUE,rcp26_2050
9_1,MX_C_009,210358,NA,0,FALSE,rcp26_2100
25_1,MX_C_025,210358,848.75,100,TRUE,rcp26_2100
22_1,MX_C_022,210358,815.1111111111111,100,TRUE,rcp26_2100
29_1,MX_C_029,210358,726,100,TRUE,rcp26_2100
9_1,MX_C_009,210358,NA,0,FALSE,rcp45_2050
25_1,MX_C_025,210358,856,100,TRUE,rcp45_2050
22_1,MX_C_022,210358,827.9111111111112,100,TRUE,rcp45_2050
29_1,MX_C_029,210358,726,100,TRUE,rcp45_2050
9_1,MX_C_009,210358,NA,0,FALSE,rcp45_2100
25_1,MX_C_025,210358,726.3333333333334,93.75,TRUE,rcp45_2100
22_1,MX_C_022,210358,814.4222222222222,100,TRUE,rcp45_2100
29_1,MX_C_029,210358,631.5,100,TRUE,rcp45_2100
9_1,MX_C_009,210358,NA,0,FALSE,rcp85_2050
25_1,MX_C_025,210358,802.9375,100,TRUE,rcp85_2050
22_1,MX_C_022,210358,816.1555555555556,100,TRUE,rcp85_2050
29_1,MX_C_029,210358,655,100,TRUE,rcp85_2050
9_1,MX_C_009,210358,NA,0,FALSE,rcp85_2100
25_1,MX_C_025,210358,644.4166666666666,75,TRUE,rcp85_2100
22_1,MX_C_022,210358,775.5681818181819,97.77777777777777,TRUE,rcp85_2100
29_1,MX_C_029,210358,NA,0,FALSE,rcp85_2100
12_2,MX_C_012,240747,922.5,100,TRUE,current
12_1,MX_C_012,240747,NA,NA,NA,current
10_1,MX_C_010,240747,914.125,100,TRUE,current
12_2,MX_C_012,240747,902,100,TRUE,rcp26_2050
12_1,MX_C_012,240747,NA,NA,NA,rcp26_2050
10_1,MX_C_010,240747,907.25,100,TRUE,rcp26_2050
12_2,MX_C_012,240747,NA,NA,NA,rcp26_2100
12_1,MX_C_012,240747,NA,NA,NA,rcp26_2100
10_1,MX_C_010,240747,NA,NA,NA,rcp26_2100
12_2,MX_C_012,240747,NA,NA,NA,rcp45_2050
12_1,MX_C_012,240747,NA,NA,NA,rcp45_2050
10_1,MX_C_010,240747,NA,NA,NA,rcp45_2050
12_2,MX_C_012,240747,NA,NA,NA,rcp45_2100
12_1,MX_C_012,240747,NA,NA,NA,rcp45_2100
10_1,MX_C_010,240747,NA,NA,NA,rcp45_2100
12_2,MX_C_012,240747,NA,NA,NA,rcp85_2050
12_1,MX_C_012,240747,NA,NA,NA,rcp85_2050
10_1,MX_C_010,240747,NA,NA,NA,rcp85_2050
12_2,MX_C_012,240747,NA,NA,NA,rcp85_2100
12_1,MX_C_012,240747,NA,NA,NA,rcp85_2100
10_1,MX_C_010,240747,NA,NA,NA,rcp85_2100
18_1,MX_C_018,241825,839.081081081081,100,TRUE,current
31_1,MX_C_031,241825,861.1764705882352,100,TRUE,current
32_1,MX_C_032,241825,868.2222222222222,100,TRUE,current
18_1,MX_C_018,241825,835.5135135135135,100,TRUE,rcp26_2050
31_1,MX_C_031,241825,861.6470588235294,100,TRUE,rcp26_2050
32_1,MX_C_032,241825,865.9444444444445,100,TRUE,rcp26_2050
18_1,MX_C_018,241825,835.5135135135135,100,TRUE,rcp26_2100
31_1,MX_C_031,241825,861.6470588235294,100,TRUE,rcp26_2100
32_1,MX_C_032,241825,865.9444444444445,100,TRUE,rcp26_2100
18_1,MX_C_018,241825,834.5135135135135,100,TRUE,rcp45_2050
31_1,MX_C_031,241825,861.1176470588235,100,TRUE,rcp45_2050
32_1,MX_C_032,241825,865.9722222222222,100,TRUE,rcp45_2050
18_1,MX_C_018,241825,833.2702702702703,100,TRUE,rcp45_2100
31_1,MX_C_031,241825,859.4117647058823,100,TRUE,rcp45_2100
32_1,MX_C_032,241825,865.2777777777778,100,TRUE,rcp45_2100
18_1,MX_C_018,241825,833.918918918919,100,TRUE,rcp85_2050
31_1,MX_C_031,241825,860.8235294117648,100,TRUE,rcp85_2050
32_1,MX_C_032,241825,866.3888888888889,100,TRUE,rcp85_2050
18_1,MX_C_018,241825,832,100,TRUE,rcp85_2100
31_1,MX_C_031,241825,852.2941176470588,100,TRUE,rcp85_2100
32_1,MX_C_032,241825,862.3055555555555,100,TRUE,rcp85_2100
217_1,MX_C_217,382891,700.8397435897435,100,TRUE,current
216_1,MX_C_216,382891,746.560975609756,100,TRUE,current
215_1,MX_C_215,382891,698.5,100,TRUE,current
214_1,MX_C_214,382891,693.5438596491229,100,TRUE,current
213_1,MX_C_213,382891,732.3682310469314,100,TRUE,current
stuart_1,NA,382891,926.6521739130435,100,TRUE,current
stuart_2,NA,382891,964.375,100,TRUE,current
stuart_3,NA,382891,912,100,TRUE,current
stuart_4,NA,382891,922.2903225806451,100,TRUE,current
stuart_5,NA,382891,950.3,100,TRUE,current
stuart_6,NA,382891,958.1071428571429,100,TRUE,current
stuart_7,NA,382891,902.5,100,TRUE,current
stuart_8,NA,382891,920.4090909090909,100,TRUE,current
stuart_9,NA,382891,827,100,TRUE,current
217_1,MX_C_217,382891,579.5808823529412,87.17948717948718,TRUE,rcp26_2050
216_1,MX_C_216,382891,605.3130434782609,93.4959349593496,TRUE,rcp26_2050
215_1,MX_C_215,382891,589.2571428571429,62.5,TRUE,rcp26_2050
214_1,MX_C_214,382891,557.575,70.17543859649123,TRUE,rcp26_2050
213_1,MX_C_213,382891,601.2217573221757,86.28158844765343,TRUE,rcp26_2050
stuart_1,NA,382891,869.9130434782609,100,TRUE,rcp26_2050
stuart_2,NA,382891,898.75,100,TRUE,rcp26_2050
stuart_3,NA,382891,878.6666666666666,100,TRUE,rcp26_2050
stuart_4,NA,382891,860.2903225806451,100,TRUE,rcp26_2050
stuart_5,NA,382891,880.5,100,TRUE,rcp26_2050
stuart_6,NA,382891,873.7857142857143,100,TRUE,rcp26_2050
stuart_7,NA,382891,836.125,100,TRUE,rcp26_2050
stuart_8,NA,382891,843.9545454545455,100,TRUE,rcp26_2050
stuart_9,NA,382891,809.4,100,TRUE,rcp26_2050
217_1,MX_C_217,382891,579.5808823529412,87.17948717948718,TRUE,rcp26_2100
216_1,MX_C_216,382891,605.3130434782609,93.4959349593496,TRUE,rcp26_2100
215_1,MX_C_215,382891,589.2571428571429,62.5,TRUE,rcp26_2100
214_1,MX_C_214,382891,557.575,70.17543859649123,TRUE,rcp26_2100
213_1,MX_C_213,382891,601.2217573221757,86.28158844765343,TRUE,rcp26_2100
stuart_1,NA,382891,869.9130434782609,100,TRUE,rcp26_2100
stuart_2,NA,382891,898.75,100,TRUE,rcp26_2100
stuart_3,NA,382891,878.6666666666666,100,TRUE,rcp26_2100
stuart_4,NA,382891,860.2903225806451,100,TRUE,rcp26_2100
stuart_5,NA,382891,880.5,100,TRUE,rcp26_2100
stuart_6,NA,382891,873.7857142857143,100,TRUE,rcp26_2100
stuart_7,NA,382891,836.125,100,TRUE,rcp26_2100
stuart_8,NA,382891,843.9545454545455,100,TRUE,rcp26_2100
stuart_9,NA,382891,809.4,100,TRUE,rcp26_2100
217_1,MX_C_217,382891,586.7410714285714,71.7948717948718,TRUE,rcp45_2050
216_1,MX_C_216,382891,643.170731707317,66.66666666666667,TRUE,rcp45_2050
215_1,MX_C_215,382891,608.074074074074,48.214285714285715,TRUE,rcp45_2050
214_1,MX_C_214,382891,564.0344827586207,50.87719298245614,TRUE,rcp45_2050
213_1,MX_C_213,382891,618.2925531914893,67.87003610108303,TRUE,rcp45_2050
stuart_1,NA,382891,864.0217391304348,100,TRUE,rcp45_2050
stuart_2,NA,382891,904.9375,100,TRUE,rcp45_2050
stuart_3,NA,382891,865.2857142857143,100,TRUE,rcp45_2050
stuart_4,NA,382891,841.0322580645161,100,TRUE,rcp45_2050
stuart_5,NA,382891,884.8,100,TRUE,rcp45_2050
stuart_6,NA,382891,865.75,100,TRUE,rcp45_2050
stuart_7,NA,382891,825.125,100,TRUE,rcp45_2050
stuart_8,NA,382891,833.2727272727273,100,TRUE,rcp45_2050
stuart_9,NA,382891,814.2,100,TRUE,rcp45_2050
217_1,MX_C_217,382891,656.8837209302326,27.564102564102566,TRUE,rcp45_2100
216_1,MX_C_216,382891,671.9803921568628,41.46341463414634,TRUE,rcp45_2100
215_1,MX_C_215,382891,632.2,26.785714285714285,TRUE,rcp45_2100
214_1,MX_C_214,382891,585.5,21.05263157894737,TRUE,rcp45_2100
213_1,MX_C_213,382891,625.2564102564103,42.238267148014444,TRUE,rcp45_2100
stuart_1,NA,382891,830.2391304347826,100,TRUE,rcp45_2100
stuart_2,NA,382891,888.25,100,TRUE,rcp45_2100
stuart_3,NA,382891,848.3809523809524,100,TRUE,rcp45_2100
stuart_4,NA,382891,830.2903225806451,100,TRUE,rcp45_2100
stuart_5,NA,382891,882.75,100,TRUE,rcp45_2100
stuart_6,NA,382891,869.5714285714286,100,TRUE,rcp45_2100
stuart_7,NA,382891,793.375,100,TRUE,rcp45_2100
stuart_8,NA,382891,797.3181818181819,100,TRUE,rcp45_2100
stuart_9,NA,382891,790.9,100,TRUE,rcp45_2100
217_1,MX_C_217,382891,624.6714285714286,44.87179487179487,TRUE,rcp85_2050
216_1,MX_C_216,382891,659.3230769230769,52.84552845528455,TRUE,rcp85_2050
215_1,MX_C_215,382891,622.8571428571429,37.5,TRUE,rcp85_2050
214_1,MX_C_214,382891,594,29.82456140350877,TRUE,rcp85_2050
213_1,MX_C_213,382891,628.4258064516129,55.95667870036101,TRUE,rcp85_2050
stuart_1,NA,382891,858.6739130434783,100,TRUE,rcp85_2050
stuart_2,NA,382891,911.0625,100,TRUE,rcp85_2050
stuart_3,NA,382891,856,100,TRUE,rcp85_2050
stuart_4,NA,382891,848.5483870967741,100,TRUE,rcp85_2050
stuart_5,NA,382891,896.9,100,TRUE,rcp85_2050
stuart_6,NA,382891,885.1785714285714,100,TRUE,rcp85_2050
stuart_7,NA,382891,813.25,100,TRUE,rcp85_2050
stuart_8,NA,382891,830,100,TRUE,rcp85_2050
stuart_9,NA,382891,811.8,100,TRUE,rcp85_2050
217_1,MX_C_217,382891,616.3684210526316,12.179487179487179,TRUE,rcp85_2100
216_1,MX_C_216,382891,635.4782608695652,18.69918699186992,TRUE,rcp85_2100
215_1,MX_C_215,382891,627.6,8.928571428571429,FALSE,rcp85_2100
214_1,MX_C_214,382891,650,3.508771929824561,FALSE,rcp85_2100
213_1,MX_C_213,382891,594.1428571428571,17.689530685920577,TRUE,rcp85_2100
stuart_1,NA,382891,715.695652173913,100,TRUE,rcp85_2100
stuart_2,NA,382891,648.25,100,TRUE,rcp85_2100
stuart_3,NA,382891,696.6190476190476,100,TRUE,rcp85_2100
stuart_4,NA,382891,695.7096774193549,100,TRUE,rcp85_2100
stuart_5,NA,382891,654.7,100,TRUE,rcp85_2100
stuart_6,NA,382891,626.75,100,TRUE,rcp85_2100
stuart_7,NA,382891,640.125,100,TRUE,rcp85_2100
stuart_8,NA,382891,692.8181818181819,100,TRUE,rcp85_2100
stuart_9,NA,382891,741.9,100,TRUE,rcp85_2100
9_1,MX_C_009,382895,826.6666666666666,100,TRUE,current
25_1,MX_C_025,382895,821.875,100,TRUE,current
22_1,MX_C_022,382895,842.5116279069767,95.55555555555556,TRUE,current
29_1,MX_C_029,382895,781,100,TRUE,current
26_1,MX_C_026,382895,900.5,100,TRUE,current
9_1,MX_C_009,382895,853.6666666666666,100,TRUE,rcp26_2050
25_1,MX_C_025,382895,848.25,100,TRUE,rcp26_2050
22_1,MX_C_022,382895,883.5581395348837,95.55555555555556,TRUE,rcp26_2050
29_1,MX_C_029,382895,849.5,100,TRUE,rcp26_2050
26_1,MX_C_026,382895,889.25,100,TRUE,rcp26_2050
9_1,MX_C_009,382895,853.6666666666666,100,TRUE,rcp26_2100
25_1,MX_C_025,382895,848.25,100,TRUE,rcp26_2100
22_1,MX_C_022,382895,883.5581395348837,95.55555555555556,TRUE,rcp26_2100
29_1,MX_C_029,382895,849.5,100,TRUE,rcp26_2100
26_1,MX_C_026,382895,889.25,100,TRUE,rcp26_2100
9_1,MX_C_009,382895,852.6666666666666,100,TRUE,rcp45_2050
25_1,MX_C_025,382895,858.25,100,TRUE,rcp45_2050
22_1,MX_C_022,382895,883.0909090909091,97.77777777777777,TRUE,rcp45_2050
29_1,MX_C_029,382895,877,100,TRUE,rcp45_2050
26_1,MX_C_026,382895,894.25,100,TRUE,rcp45_2050
9_1,MX_C_009,382895,857.6666666666666,100,TRUE,rcp45_2100
25_1,MX_C_025,382895,857.875,100,TRUE,rcp45_2100
22_1,MX_C_022,382895,889.3023255813954,95.55555555555556,TRUE,rcp45_2100
29_1,MX_C_029,382895,880.5,100,TRUE,rcp45_2100
26_1,MX_C_026,382895,894,100,TRUE,rcp45_2100
9_1,MX_C_009,382895,851.6666666666666,100,TRUE,rcp85_2050
25_1,MX_C_025,382895,847.75,100,TRUE,rcp85_2050
22_1,MX_C_022,382895,880.2272727272727,97.77777777777777,TRUE,rcp85_2050
29_1,MX_C_029,382895,878.5,100,TRUE,rcp85_2050
26_1,MX_C_026,382895,890,100,TRUE,rcp85_2050
9_1,MX_C_009,382895,870,100,TRUE,rcp85_2100
25_1,MX_C_025,382895,883.6875,100,TRUE,rcp85_2100
22_1,MX_C_022,382895,893.7272727272727,97.77777777777777,TRUE,rcp85_2100
29_1,MX_C_029,382895,921.5,100,TRUE,rcp85_2100
26_1,MX_C_026,382895,899.75,100,TRUE,rcp85_2100
9_1,MX_C_009,382897,NA,0,FALSE,current
25_1,MX_C_025,382897,895.4375,100,TRUE,current
24_1,MX_C_024,382897,807.3456790123457,100,TRUE,current
22_1,MX_C_022,382897,947.8222222222222,100,TRUE,current
29_1,MX_C_029,382897,NA,0,FALSE,current
27_1,MX_C_027,382897,969.1276595744681,100,TRUE,current
26_1,MX_C_026,382897,973.25,100,TRUE,current
9_1,MX_C_009,382897,NA,0,FALSE,rcp26_2050
25_1,MX_C_025,382897,964,100,TRUE,rcp26_2050
24_1,MX_C_024,382897,867.1975308641976,100,TRUE,rcp26_2050
22_1,MX_C_022,382897,971.1333333333333,100,TRUE,rcp26_2050
29_1,MX_C_029,382897,722,100,TRUE,rcp26_2050
27_1,MX_C_027,382897,977.8936170212766,100,TRUE,rcp26_2050
26_1,MX_C_026,382897,966.75,100,TRUE,rcp26_2050
9_1,MX_C_009,382897,NA,0,FALSE,rcp26_2100
25_1,MX_C_025,382897,964,100,TRUE,rcp26_2100
24_1,MX_C_024,382897,867.1975308641976,100,TRUE,rcp26_2100
22_1,MX_C_022,382897,971.1333333333333,100,TRUE,rcp26_2100
29_1,MX_C_029,382897,722,100,TRUE,rcp26_2100
27_1,MX_C_027,382897,977.8936170212766,100,TRUE,rcp26_2100
26_1,MX_C_026,382897,966.75,100,TRUE,rcp26_2100
9_1,MX_C_009,382897,506,33.333333333333336,TRUE,rcp45_2050
25_1,MX_C_025,382897,968.75,100,TRUE,rcp45_2050
24_1,MX_C_024,382897,865.7407407407408,100,TRUE,rcp45_2050
22_1,MX_C_022,382897,973.1777777777778,100,TRUE,rcp45_2050
29_1,MX_C_029,382897,738,100,TRUE,rcp45_2050
27_1,MX_C_027,382897,975.8510638297872,100,TRUE,rcp45_2050
26_1,MX_C_026,382897,965.5,100,TRUE,rcp45_2050
9_1,MX_C_009,382897,509,33.333333333333336,TRUE,rcp45_2100
25_1,MX_C_025,382897,858.6875,100,TRUE,rcp45_2100
24_1,MX_C_024,382897,731.4814814814815,100,TRUE,rcp45_2100
22_1,MX_C_022,382897,955.1333333333333,100,TRUE,rcp45_2100
29_1,MX_C_029,382897,707,100,TRUE,rcp45_2100
27_1,MX_C_027,382897,963.0851063829788,100,TRUE,rcp45_2100
26_1,MX_C_026,382897,940.75,100,TRUE,rcp45_2100
9_1,MX_C_009,382897,505,66.66666666666667,TRUE,rcp85_2050
25_1,MX_C_025,382897,927.5,100,TRUE,rcp85_2050
24_1,MX_C_024,382897,784.1481481481482,100,TRUE,rcp85_2050
22_1,MX_C_022,382897,967.6222222222223,100,TRUE,rcp85_2050
29_1,MX_C_029,382897,711,100,TRUE,rcp85_2050
27_1,MX_C_027,382897,975.9787234042553,100,TRUE,rcp85_2050
26_1,MX_C_026,382897,963.75,100,TRUE,rcp85_2050
9_1,MX_C_009,382897,558,33.333333333333336,TRUE,rcp85_2100
25_1,MX_C_025,382897,770.6875,100,TRUE,rcp85_2100
24_1,MX_C_024,382897,681.9876543209876,100,TRUE,rcp85_2100
22_1,MX_C_022,382897,897.4888888888889,100,TRUE,rcp85_2100
29_1,MX_C_029,382897,715,100,TRUE,rcp85_2100
27_1,MX_C_027,382897,949.531914893617,100,TRUE,rcp85_2100
26_1,MX_C_026,382897,907,100,TRUE,rcp85_2100
9_1,MX_C_009,382898,980,100,TRUE,current
25_1,MX_C_025,382898,888.25,100,TRUE,current
24_1,MX_C_024,382898,891.9753086419753,100,TRUE,current
22_1,MX_C_022,382898,847.1111111111111,100,TRUE,current
29_1,MX_C_029,382898,949,100,TRUE,current
27_1,MX_C_027,382898,797.2340425531914,100,TRUE,current
9_1,MX_C_009,382898,966,100,TRUE,rcp26_2050
25_1,MX_C_025,382898,875.5625,100,TRUE,rcp26_2050
24_1,MX_C_024,382898,869.0493827160494,100,TRUE,rcp26_2050
22_1,MX_C_022,382898,827.0444444444445,100,TRUE,rcp26_2050
29_1,MX_C_029,382898,937,100,TRUE,rcp26_2050
27_1,MX_C_027,382898,770.7234042553191,100,TRUE,rcp26_2050
9_1,MX_C_009,382898,966,100,TRUE,rcp26_2100
25_1,MX_C_025,382898,875.5625,100,TRUE,rcp26_2100
24_1,MX_C_024,382898,869.0493827160494,100,TRUE,rcp26_2100
22_1,MX_C_022,382898,827.0444444444445,100,TRUE,rcp26_2100
29_1,MX_C_029,382898,937,100,TRUE,rcp26_2100
27_1,MX_C_027,382898,770.7234042553191,100,TRUE,rcp26_2100
9_1,MX_C_009,382898,959,100,TRUE,rcp45_2050
25_1,MX_C_025,382898,876.8125,100,TRUE,rcp45_2050
24_1,MX_C_024,382898,868.2716049382716,100,TRUE,rcp45_2050
22_1,MX_C_022,382898,815.8222222222222,100,TRUE,rcp45_2050
29_1,MX_C_029,382898,937,100,TRUE,rcp45_2050
27_1,MX_C_027,382898,760.3829787234042,100,TRUE,rcp45_2050
9_1,MX_C_009,382898,933,100,TRUE,rcp45_2100
25_1,MX_C_025,382898,871.875,100,TRUE,rcp45_2100
24_1,MX_C_024,382898,873.1604938271605,100,TRUE,rcp45_2100
22_1,MX_C_022,382898,814.9111111111112,100,TRUE,rcp45_2100
29_1,MX_C_029,382898,973,100,TRUE,rcp45_2100
27_1,MX_C_027,382898,755.4255319148937,100,TRUE,rcp45_2100
9_1,MX_C_009,382898,953.6666666666666,100,TRUE,rcp85_2050
25_1,MX_C_025,382898,872.0625,100,TRUE,rcp85_2050
24_1,MX_C_024,382898,874.8641975308642,100,TRUE,rcp85_2050
22_1,MX_C_022,382898,824.7333333333333,100,TRUE,rcp85_2050
29_1,MX_C_029,382898,954,100,TRUE,rcp85_2050
27_1,MX_C_027,382898,766.1702127659574,100,TRUE,rcp85_2050
9_1,MX_C_009,382898,938,100,TRUE,rcp85_2100
25_1,MX_C_025,382898,909.0625,100,TRUE,rcp85_2100
24_1,MX_C_024,382898,897.0123456790124,100,TRUE,rcp85_2100
22_1,MX_C_022,382898,820.4666666666667,100,TRUE,rcp85_2100
29_1,MX_C_029,382898,973,100,TRUE,rcp85_2100
27_1,MX_C_027,382898,767.1702127659574,100,TRUE,rcp85_2100
9_1,MX_C_009,405012,960.6666666666666,100,TRUE,current
25_1,MX_C_025,405012,521.5,12.5,TRUE,current
22_1,MX_C_022,405012,696.2380952380952,46.666666666666664,TRUE,current
18_1,MX_C_018,405012,893.7837837837837,100,TRUE,current
31_1,MX_C_031,405012,921.8823529411765,100,TRUE,current
32_1,MX_C_032,405012,879.1388888888889,100,TRUE,current
29_1,MX_C_029,405012,549.5,100,TRUE,current
9_1,MX_C_009,405012,931.6666666666666,100,TRUE,rcp26_2050
25_1,MX_C_025,405012,NA,0,FALSE,rcp26_2050
22_1,MX_C_022,405012,638.8888888888889,40,TRUE,rcp26_2050
18_1,MX_C_018,405012,838.1081081081081,100,TRUE,rcp26_2050
31_1,MX_C_031,405012,883.7058823529412,100,TRUE,rcp26_2050
32_1,MX_C_032,405012,814.1388888888889,100,TRUE,rcp26_2050
29_1,MX_C_029,405012,541,100,TRUE,rcp26_2050
9_1,MX_C_009,405012,931.6666666666666,100,TRUE,rcp26_2100
25_1,MX_C_025,405012,NA,0,FALSE,rcp26_2100
22_1,MX_C_022,405012,638.8888888888889,40,TRUE,rcp26_2100
18_1,MX_C_018,405012,838.1081081081081,100,TRUE,rcp26_2100
31_1,MX_C_031,405012,883.7058823529412,100,TRUE,rcp26_2100
32_1,MX_C_032,405012,814.1388888888889,100,TRUE,rcp26_2100
29_1,MX_C_029,405012,541,100,TRUE,rcp26_2100
9_1,MX_C_009,405012,900.6666666666666,100,TRUE,rcp45_2050
25_1,MX_C_025,405012,NA,0,FALSE,rcp45_2050
22_1,MX_C_022,405012,635.4705882352941,37.77777777777778,TRUE,rcp45_2050
18_1,MX_C_018,405012,840.0540540540541,100,TRUE,rcp45_2050
31_1,MX_C_031,405012,883.1764705882352,100,TRUE,rcp45_2050
32_1,MX_C_032,405012,825.5428571428571,97.22222222222223,TRUE,rcp45_2050
29_1,MX_C_029,405012,538,100,TRUE,rcp45_2050
9_1,MX_C_009,405012,836.6666666666666,100,TRUE,rcp45_2100
25_1,MX_C_025,405012,506,6.25,FALSE,rcp45_2100
22_1,MX_C_022,405012,643.9285714285714,31.11111111111111,TRUE,rcp45_2100
18_1,MX_C_018,405012,829.3513513513514,100,TRUE,rcp45_2100
31_1,MX_C_031,405012,873.2352941176471,100,TRUE,rcp45_2100
32_1,MX_C_032,405012,814.0571428571428,97.22222222222223,TRUE,rcp45_2100
29_1,MX_C_029,405012,562.5,100,TRUE,rcp45_2100
9_1,MX_C_009,405012,845.3333333333334,100,TRUE,rcp85_2050
25_1,MX_C_025,405012,NA,0,FALSE,rcp85_2050
22_1,MX_C_022,405012,646.2222222222222,40,TRUE,rcp85_2050
18_1,MX_C_018,405012,835.0540540540541,100,TRUE,rcp85_2050
31_1,MX_C_031,405012,891.1176470588235,100,TRUE,rcp85_2050
32_1,MX_C_032,405012,824.2857142857143,97.22222222222223,TRUE,rcp85_2050
29_1,MX_C_029,405012,548,100,TRUE,rcp85_2050
9_1,MX_C_009,405012,811.3333333333334,100,TRUE,rcp85_2100
25_1,MX_C_025,405012,510.5,37.5,TRUE,rcp85_2100
22_1,MX_C_022,405012,690.7272727272727,24.444444444444443,TRUE,rcp85_2100
18_1,MX_C_018,405012,787.3783783783783,100,TRUE,rcp85_2100
31_1,MX_C_031,405012,855.3529411764706,100,TRUE,rcp85_2100
32_1,MX_C_032,405012,783.5,94.44444444444444,TRUE,rcp85_2100
29_1,MX_C_029,405012,557.5,100,TRUE,rcp85_2100
199_1,MX_C_199,422183,1000,100,TRUE,current
201_1,MX_C_201,422183,794.25,100,TRUE,current
199_1,MX_C_199,422183,994,100,TRUE,rcp26_2050
201_1,MX_C_201,422183,759.5,100,TRUE,rcp26_2050
199_1,MX_C_199,422183,994,100,TRUE,rcp26_2100
201_1,MX_C_201,422183,759.5,100,TRUE,rcp26_2100
199_1,MX_C_199,422183,984,100,TRUE,rcp45_2050
201_1,MX_C_201,422183,816.3333333333334,75,TRUE,rcp45_2050
199_1,MX_C_199,422183,890,100,TRUE,rcp45_2100
201_1,MX_C_201,422183,740.75,100,TRUE,rcp45_2100
199_1,MX_C_199,422183,947,100,TRUE,rcp85_2050
201_1,MX_C_201,422183,762,100,TRUE,rcp85_2050
199_1,MX_C_199,422183,790,100,TRUE,rcp85_2100
201_1,MX_C_201,422183,642.6666666666666,75,TRUE,rcp85_2100
9_1,MX_C_009,445308,993,100,TRUE,current
25_1,MX_C_025,445308,866.75,75,TRUE,current
24_1,MX_C_024,445308,941.0649350649351,95.06172839506173,TRUE,current
22_1,MX_C_022,445308,911.5,75.55555555555556,TRUE,current
18_1,MX_C_018,445308,993.8648648648649,100,TRUE,current
31_1,MX_C_031,445308,996.2941176470588,100,TRUE,current
32_1,MX_C_032,445308,990.0833333333334,100,TRUE,current
29_1,MX_C_029,445308,960.5,100,TRUE,current
9_1,MX_C_009,445308,996.6666666666666,100,TRUE,rcp26_2050
25_1,MX_C_025,445308,757.6666666666666,37.5,TRUE,rcp26_2050
24_1,MX_C_024,445308,936.0350877192982,70.37037037037037,TRUE,rcp26_2050
22_1,MX_C_022,445308,871.3928571428571,62.22222222222222,TRUE,rcp26_2050
18_1,MX_C_018,445308,971.6216216216217,100,TRUE,rcp26_2050
31_1,MX_C_031,445308,992.3529411764706,100,TRUE,rcp26_2050
32_1,MX_C_032,445308,988.7777777777778,100,TRUE,rcp26_2050
29_1,MX_C_029,445308,578.5,100,TRUE,rcp26_2050
9_1,MX_C_009,445308,996.6666666666666,100,TRUE,rcp26_2100
25_1,MX_C_025,445308,757.6666666666666,37.5,TRUE,rcp26_2100
24_1,MX_C_024,445308,936.0350877192982,70.37037037037037,TRUE,rcp26_2100
22_1,MX_C_022,445308,871.3928571428571,62.22222222222222,TRUE,rcp26_2100
18_1,MX_C_018,445308,971.6216216216217,100,TRUE,rcp26_2100
31_1,MX_C_031,445308,992.3529411764706,100,TRUE,rcp26_2100
32_1,MX_C_032,445308,988.7777777777778,100,TRUE,rcp26_2100
29_1,MX_C_029,445308,578.5,100,TRUE,rcp26_2100
9_1,MX_C_009,445308,998,100,TRUE,rcp45_2050
25_1,MX_C_025,445308,834.25,25,TRUE,rcp45_2050
24_1,MX_C_024,445308,931.8727272727273,67.90123456790124,TRUE,rcp45_2050
22_1,MX_C_022,445308,840.1428571428571,62.22222222222222,TRUE,rcp45_2050
18_1,MX_C_018,445308,972.5945945945946,100,TRUE,rcp45_2050
31_1,MX_C_031,445308,991.6470588235294,100,TRUE,rcp45_2050
32_1,MX_C_032,445308,988.8055555555555,100,TRUE,rcp45_2050
29_1,MX_C_029,445308,508,100,TRUE,rcp45_2050
9_1,MX_C_009,445308,992.6666666666666,100,TRUE,rcp45_2100
25_1,MX_C_025,445308,793,25,TRUE,rcp45_2100
24_1,MX_C_024,445308,934.6415094339623,65.4320987654321,TRUE,rcp45_2100
22_1,MX_C_022,445308,875.3333333333334,60,TRUE,rcp45_2100
18_1,MX_C_018,445308,969.1891891891892,100,TRUE,rcp45_2100
31_1,MX_C_031,445308,985,100,TRUE,rcp45_2100
32_1,MX_C_032,445308,982.0277777777778,100,TRUE,rcp45_2100
29_1,MX_C_029,445308,NA,0,FALSE,rcp45_2100
9_1,MX_C_009,445308,997,100,TRUE,rcp85_2050
25_1,MX_C_025,445308,772,31.25,TRUE,rcp85_2050
24_1,MX_C_024,445308,932.3272727272728,67.90123456790124,TRUE,rcp85_2050
22_1,MX_C_022,445308,877.2142857142857,62.22222222222222,TRUE,rcp85_2050
18_1,MX_C_018,445308,970.7837837837837,100,TRUE,rcp85_2050
31_1,MX_C_031,445308,989.2941176470588,100,TRUE,rcp85_2050
32_1,MX_C_032,445308,986.4722222222222,100,TRUE,rcp85_2050
29_1,MX_C_029,445308,NA,0,FALSE,rcp85_2050
9_1,MX_C_009,445308,992.6666666666666,100,TRUE,rcp85_2100
25_1,MX_C_025,445308,851.5,12.5,TRUE,rcp85_2100
24_1,MX_C_024,445308,917.22,61.72839506172839,TRUE,rcp85_2100
22_1,MX_C_022,445308,897.08,55.55555555555556,TRUE,rcp85_2100
18_1,MX_C_018,445308,960.9459459459459,100,TRUE,rcp85_2100
31_1,MX_C_031,445308,968.2941176470588,100,TRUE,rcp85_2100
32_1,MX_C_032,445308,963.9166666666666,100,TRUE,rcp85_2100
29_1,MX_C_029,445308,NA,0,FALSE,rcp85_2100
9_1,MX_C_009,445325,971.3333333333334,100,TRUE,current
25_1,MX_C_025,445325,895.0625,100,TRUE,current
24_1,MX_C_024,445325,912.5925925925926,100,TRUE,current
22_1,MX_C_022,445325,920.6444444444444,100,TRUE,current
18_1,MX_C_018,445325,972.2432432432432,100,TRUE,current
31_1,MX_C_031,445325,989.4117647058823,100,TRUE,current
32_1,MX_C_032,445325,967.6388888888889,100,TRUE,current
29_1,MX_C_029,445325,973,100,TRUE,current
9_1,MX_C_009,445325,977,100,TRUE,rcp26_2050
25_1,MX_C_025,445325,950.625,100,TRUE,rcp26_2050
24_1,MX_C_024,445325,907.0617283950618,100,TRUE,rcp26_2050
22_1,MX_C_022,445325,912.5555555555555,100,TRUE,rcp26_2050
18_1,MX_C_018,445325,926.5675675675676,100,TRUE,rcp26_2050
31_1,MX_C_031,445325,974.4705882352941,100,TRUE,rcp26_2050
32_1,MX_C_032,445325,943.6944444444445,100,TRUE,rcp26_2050
29_1,MX_C_029,445325,972,100,TRUE,rcp26_2050
9_1,MX_C_009,445325,977,100,TRUE,rcp26_2100
25_1,MX_C_025,445325,950.625,100,TRUE,rcp26_2100
24_1,MX_C_024,445325,907.0617283950618,100,TRUE,rcp26_2100
22_1,MX_C_022,445325,912.5555555555555,100,TRUE,rcp26_2100
18_1,MX_C_018,445325,926.5675675675676,100,TRUE,rcp26_2100
31_1,MX_C_031,445325,974.4705882352941,100,TRUE,rcp26_2100
32_1,MX_C_032,445325,943.6944444444445,100,TRUE,rcp26_2100
29_1,MX_C_029,445325,972,100,TRUE,rcp26_2100
9_1,MX_C_009,445325,967.6666666666666,100,TRUE,rcp45_2050
25_1,MX_C_025,445325,946.75,100,TRUE,rcp45_2050
24_1,MX_C_024,445325,906.6172839506173,100,TRUE,rcp45_2050
22_1,MX_C_022,445325,916.0888888888888,100,TRUE,rcp45_2050
18_1,MX_C_018,445325,926.9459459459459,100,TRUE,rcp45_2050
31_1,MX_C_031,445325,972.9411764705883,100,TRUE,rcp45_2050
32_1,MX_C_032,445325,946.3055555555555,100,TRUE,rcp45_2050
29_1,MX_C_029,445325,972,100,TRUE,rcp45_2050
9_1,MX_C_009,445325,977.6666666666666,100,TRUE,rcp45_2100
25_1,MX_C_025,445325,949.3125,100,TRUE,rcp45_2100
24_1,MX_C_024,445325,907.074074074074,100,TRUE,rcp45_2100
22_1,MX_C_022,445325,905.3111111111111,100,TRUE,rcp45_2100
18_1,MX_C_018,445325,919.2702702702703,100,TRUE,rcp45_2100
31_1,MX_C_031,445325,969.8235294117648,100,TRUE,rcp45_2100
32_1,MX_C_032,445325,938.1388888888889,100,TRUE,rcp45_2100
29_1,MX_C_029,445325,972,100,TRUE,rcp45_2100
9_1,MX_C_009,445325,967.6666666666666,100,TRUE,rcp85_2050
25_1,MX_C_025,445325,948.9375,100,TRUE,rcp85_2050
24_1,MX_C_024,445325,907.7901234567901,100,TRUE,rcp85_2050
22_1,MX_C_022,445325,911.7333333333333,100,TRUE,rcp85_2050
18_1,MX_C_018,445325,923.3243243243244,100,TRUE,rcp85_2050
31_1,MX_C_031,445325,973.7058823529412,100,TRUE,rcp85_2050
32_1,MX_C_032,445325,942.4166666666666,100,TRUE,rcp85_2050
29_1,MX_C_029,445325,972,100,TRUE,rcp85_2050
9_1,MX_C_009,445325,963.6666666666666,100,TRUE,rcp85_2100
25_1,MX_C_025,445325,954.625,100,TRUE,rcp85_2100
24_1,MX_C_024,445325,905.2592592592592,100,TRUE,rcp85_2100
22_1,MX_C_022,445325,907.9777777777778,100,TRUE,rcp85_2100
18_1,MX_C_018,445325,918.6756756756756,100,TRUE,rcp85_2100
31_1,MX_C_031,445325,970.0588235294117,100,TRUE,rcp85_2100
32_1,MX_C_032,445325,936.4722222222222,100,TRUE,rcp85_2100
29_1,MX_C_029,445325,971.5,100,TRUE,rcp85_2100
9_1,MX_C_009,445357,932.6666666666666,100,TRUE,current
25_1,MX_C_025,445357,936.0625,100,TRUE,current
22_1,MX_C_022,445357,846.7560975609756,91.11111111111111,TRUE,current
18_1,MX_C_018,445357,947.71875,86.48648648648648,TRUE,current
31_1,MX_C_031,445357,935.4705882352941,100,TRUE,current
32_1,MX_C_032,445357,955.1388888888889,100,TRUE,current
29_1,MX_C_029,445357,990,100,TRUE,current
9_1,MX_C_009,445357,991,100,TRUE,rcp26_2050
25_1,MX_C_025,445357,941.9375,100,TRUE,rcp26_2050
22_1,MX_C_022,445357,823.0243902439024,91.11111111111111,TRUE,rcp26_2050
18_1,MX_C_018,445357,966.75,86.48648648648648,TRUE,rcp26_2050
31_1,MX_C_031,445357,951.3529411764706,100,TRUE,rcp26_2050
32_1,MX_C_032,445357,961.2777777777778,100,TRUE,rcp26_2050
29_1,MX_C_029,445357,962.5,100,TRUE,rcp26_2050
9_1,MX_C_009,445357,991,100,TRUE,rcp26_2100
25_1,MX_C_025,445357,941.9375,100,TRUE,rcp26_2100
22_1,MX_C_022,445357,823.0243902439024,91.11111111111111,TRUE,rcp26_2100
18_1,MX_C_018,445357,966.75,86.48648648648648,TRUE,rcp26_2100
31_1,MX_C_031,445357,951.3529411764706,100,TRUE,rcp26_2100
32_1,MX_C_032,445357,961.2777777777778,100,TRUE,rcp26_2100
29_1,MX_C_029,445357,962.5,100,TRUE,rcp26_2100
9_1,MX_C_009,445357,991.3333333333334,100,TRUE,rcp45_2050
25_1,MX_C_025,445357,923.625,100,TRUE,rcp45_2050
22_1,MX_C_022,445357,800.9024390243902,91.11111111111111,TRUE,rcp45_2050
18_1,MX_C_018,445357,967.78125,86.48648648648648,TRUE,rcp45_2050
31_1,MX_C_031,445357,943.8235294117648,100,TRUE,rcp45_2050
32_1,MX_C_032,445357,963.1388888888889,100,TRUE,rcp45_2050
29_1,MX_C_029,445357,965.5,100,TRUE,rcp45_2050
9_1,MX_C_009,445357,991,100,TRUE,rcp45_2100
25_1,MX_C_025,445357,969.125,100,TRUE,rcp45_2100
22_1,MX_C_022,445357,838.170731707317,91.11111111111111,TRUE,rcp45_2100
18_1,MX_C_018,445357,967.4375,86.48648648648648,TRUE,rcp45_2100
31_1,MX_C_031,445357,936.7058823529412,100,TRUE,rcp45_2100
32_1,MX_C_032,445357,963.8055555555555,100,TRUE,rcp45_2100
29_1,MX_C_029,445357,980,100,TRUE,rcp45_2100
9_1,MX_C_009,445357,991.3333333333334,100,TRUE,rcp85_2050
25_1,MX_C_025,445357,961.1875,100,TRUE,rcp85_2050
22_1,MX_C_022,445357,826.780487804878,91.11111111111111,TRUE,rcp85_2050
18_1,MX_C_018,445357,967.5625,86.48648648648648,TRUE,rcp85_2050
31_1,MX_C_031,445357,936.9411764705883,100,TRUE,rcp85_2050
32_1,MX_C_032,445357,963.4166666666666,100,TRUE,rcp85_2050
29_1,MX_C_029,445357,976.5,100,TRUE,rcp85_2050
9_1,MX_C_009,445357,992.6666666666666,100,TRUE,rcp85_2100
25_1,MX_C_025,445357,986.75,100,TRUE,rcp85_2100
22_1,MX_C_022,445357,879.3414634146342,91.11111111111111,TRUE,rcp85_2100
18_1,MX_C_018,445357,957.09375,86.48648648648648,TRUE,rcp85_2100
31_1,MX_C_031,445357,938,100,TRUE,rcp85_2100
32_1,MX_C_032,445357,961.6388888888889,100,TRUE,rcp85_2100
29_1,MX_C_029,445357,977.5,100,TRUE,rcp85_2100
9_1,MX_C_009,445362,975.3333333333334,100,TRUE,current
25_1,MX_C_025,445362,NA,0,FALSE,current
22_1,MX_C_022,445362,513,6.666666666666667,FALSE,current
18_1,MX_C_018,445362,885.4864864864865,100,TRUE,current
31_1,MX_C_031,445362,815,94.11764705882354,TRUE,current
32_1,MX_C_032,445362,735.4411764705883,94.44444444444444,TRUE,current
29_1,MX_C_029,445362,610,100,TRUE,current
9_1,MX_C_009,445362,979,100,TRUE,rcp26_2050
25_1,MX_C_025,445362,NA,0,FALSE,rcp26_2050
22_1,MX_C_022,445362,NA,0,FALSE,rcp26_2050
18_1,MX_C_018,445362,878.1351351351351,100,TRUE,rcp26_2050
31_1,MX_C_031,445362,837.7647058823529,100,TRUE,rcp26_2050
32_1,MX_C_032,445362,832.4857142857143,97.22222222222223,TRUE,rcp26_2050
29_1,MX_C_029,445362,NA,0,FALSE,rcp26_2050
9_1,MX_C_009,445362,979,100,TRUE,rcp26_2100
25_1,MX_C_025,445362,NA,0,FALSE,rcp26_2100
22_1,MX_C_022,445362,NA,0,FALSE,rcp26_2100
18_1,MX_C_018,445362,878.1351351351351,100,TRUE,rcp26_2100
31_1,MX_C_031,445362,837.7647058823529,100,TRUE,rcp26_2100
32_1,MX_C_032,445362,832.4857142857143,97.22222222222223,TRUE,rcp26_2100
29_1,MX_C_029,445362,NA,0,FALSE,rcp26_2100
9_1,MX_C_009,445362,976.6666666666666,100,TRUE,rcp45_2050
25_1,MX_C_025,445362,NA,0,FALSE,rcp45_2050
22_1,MX_C_022,445362,NA,0,FALSE,rcp45_2050
18_1,MX_C_018,445362,868.3243243243244,100,TRUE,rcp45_2050
31_1,MX_C_031,445362,823.7058823529412,100,TRUE,rcp45_2050
32_1,MX_C_032,445362,810.7714285714286,97.22222222222223,TRUE,rcp45_2050
29_1,MX_C_029,445362,NA,0,FALSE,rcp45_2050
9_1,MX_C_009,445362,972.3333333333334,100,TRUE,rcp45_2100
25_1,MX_C_025,445362,NA,0,FALSE,rcp45_2100
22_1,MX_C_022,445362,NA,0,FALSE,rcp45_2100
18_1,MX_C_018,445362,851.081081081081,100,TRUE,rcp45_2100
31_1,MX_C_031,445362,804.5294117647059,100,TRUE,rcp45_2100
32_1,MX_C_032,445362,830.9428571428572,97.22222222222223,TRUE,rcp45_2100
29_1,MX_C_029,445362,NA,0,FALSE,rcp45_2100
9_1,MX_C_009,445362,975.3333333333334,100,TRUE,rcp85_2050
25_1,MX_C_025,445362,NA,0,FALSE,rcp85_2050
22_1,MX_C_022,445362,NA,0,FALSE,rcp85_2050
18_1,MX_C_018,445362,880.6756756756756,100,TRUE,rcp85_2050
31_1,MX_C_031,445362,839.8235294117648,100,TRUE,rcp85_2050
32_1,MX_C_032,445362,842.4,97.22222222222223,TRUE,rcp85_2050
29_1,MX_C_029,445362,NA,0,FALSE,rcp85_2050
9_1,MX_C_009,445362,914.3333333333334,100,TRUE,rcp85_2100
25_1,MX_C_025,445362,644,12.5,TRUE,rcp85_2100
22_1,MX_C_022,445362,589,2.2222222222222223,FALSE,rcp85_2100
18_1,MX_C_018,445362,822.4324324324324,100,TRUE,rcp85_2100
31_1,MX_C_031,445362,773.5882352941177,100,TRUE,rcp85_2100
32_1,MX_C_032,445362,819.3529411764706,94.44444444444444,TRUE,rcp85_2100
29_1,MX_C_029,445362,NA,0,FALSE,rcp85_2100
22_1,MX_C_022,506739,848.7073170731708,91.11111111111111,TRUE,current
27_1,MX_C_027,506739,796.2558139534884,91.48936170212765,TRUE,current
26_1,MX_C_026,506739,683.5,100,TRUE,current
22_1,MX_C_022,506739,857.439024390244,91.11111111111111,TRUE,rcp26_2050
27_1,MX_C_027,506739,796.6511627906976,91.48936170212765,TRUE,rcp26_2050
26_1,MX_C_026,506739,705.5,100,TRUE,rcp26_2050
22_1,MX_C_022,506739,857.439024390244,91.11111111111111,TRUE,rcp26_2100
27_1,MX_C_027,506739,796.6511627906976,91.48936170212765,TRUE,rcp26_2100
26_1,MX_C_026,506739,705.5,100,TRUE,rcp26_2100
22_1,MX_C_022,506739,855.390243902439,91.11111111111111,TRUE,rcp45_2050
27_1,MX_C_027,506739,790.6511627906976,91.48936170212765,TRUE,rcp45_2050
26_1,MX_C_026,506739,687.75,100,TRUE,rcp45_2050
22_1,MX_C_022,506739,864.9512195121952,91.11111111111111,TRUE,rcp45_2100
27_1,MX_C_027,506739,798.8372093023256,91.48936170212765,TRUE,rcp45_2100
26_1,MX_C_026,506739,706.25,100,TRUE,rcp45_2100
22_1,MX_C_022,506739,858.5121951219512,91.11111111111111,TRUE,rcp85_2050
27_1,MX_C_027,506739,794.7674418604652,91.48936170212765,TRUE,rcp85_2050
26_1,MX_C_026,506739,709,100,TRUE,rcp85_2050
22_1,MX_C_022,506739,862.5121951219512,91.11111111111111,TRUE,rcp85_2100
27_1,MX_C_027,506739,805.2093023255813,91.48936170212765,TRUE,rcp85_2100
26_1,MX_C_026,506739,736.25,100,TRUE,rcp85_2100
18_1,MX_C_018,528084,954.7567567567568,100,TRUE,current
31_1,MX_C_031,528084,978.7647058823529,100,TRUE,current
32_1,MX_C_032,528084,979.2222222222222,100,TRUE,current
29_1,MX_C_029,528084,1000,100,TRUE,current
18_1,MX_C_018,528084,947.081081081081,100,TRUE,rcp26_2050
31_1,MX_C_031,528084,978.6470588235294,100,TRUE,rcp26_2050
32_1,MX_C_032,528084,975.75,100,TRUE,rcp26_2050
29_1,MX_C_029,528084,1000,100,TRUE,rcp26_2050
18_1,MX_C_018,528084,947.081081081081,100,TRUE,rcp26_2100
31_1,MX_C_031,528084,978.6470588235294,100,TRUE,rcp26_2100
32_1,MX_C_032,528084,975.75,100,TRUE,rcp26_2100
29_1,MX_C_029,528084,1000,100,TRUE,rcp26_2100
18_1,MX_C_018,528084,946.7297297297297,100,TRUE,rcp45_2050
31_1,MX_C_031,528084,978.8823529411765,100,TRUE,rcp45_2050
32_1,MX_C_032,528084,975.9722222222222,100,TRUE,rcp45_2050
29_1,MX_C_029,528084,1000,100,TRUE,rcp45_2050
18_1,MX_C_018,528084,947.3243243243244,100,TRUE,rcp45_2100
31_1,MX_C_031,528084,976.8235294117648,100,TRUE,rcp45_2100
32_1,MX_C_032,528084,974.3888888888889,100,TRUE,rcp45_2100
29_1,MX_C_029,528084,1000,100,TRUE,rcp45_2100
18_1,MX_C_018,528084,947.081081081081,100,TRUE,rcp85_2050
31_1,MX_C_031,528084,978.8235294117648,100,TRUE,rcp85_2050
32_1,MX_C_032,528084,976.2222222222222,100,TRUE,rcp85_2050
29_1,MX_C_029,528084,1000,100,TRUE,rcp85_2050
18_1,MX_C_018,528084,945.3783783783783,100,TRUE,rcp85_2100
31_1,MX_C_031,528084,976.4705882352941,100,TRUE,rcp85_2100
32_1,MX_C_032,528084,975.6388888888889,100,TRUE,rcp85_2100
29_1,MX_C_029,528084,1000,100,TRUE,rcp85_2100
18_1,MX_C_018,529435,898.7027027027027,100,TRUE,current
31_1,MX_C_031,529435,936.5625,94.11764705882354,TRUE,current
32_1,MX_C_032,529435,921.2571428571429,97.22222222222223,TRUE,current
18_1,MX_C_018,529435,898.972972972973,100,TRUE,rcp26_2050
31_1,MX_C_031,529435,915,100,TRUE,rcp26_2050
32_1,MX_C_032,529435,925.0285714285715,97.22222222222223,TRUE,rcp26_2050
18_1,MX_C_018,529435,898.972972972973,100,TRUE,rcp26_2100
31_1,MX_C_031,529435,915,100,TRUE,rcp26_2100
32_1,MX_C_032,529435,925.0285714285715,97.22222222222223,TRUE,rcp26_2100
18_1,MX_C_018,529435,897.4324324324324,100,TRUE,rcp45_2050
31_1,MX_C_031,529435,911.1764705882352,100,TRUE,rcp45_2050
32_1,MX_C_032,529435,925.1714285714286,97.22222222222223,TRUE,rcp45_2050
18_1,MX_C_018,529435,897.1351351351351,100,TRUE,rcp45_2100
31_1,MX_C_031,529435,911.3529411764706,100,TRUE,rcp45_2100
32_1,MX_C_032,529435,924.3142857142857,97.22222222222223,TRUE,rcp45_2100
18_1,MX_C_018,529435,897.081081081081,100,TRUE,rcp85_2050
31_1,MX_C_031,529435,915.2941176470588,100,TRUE,rcp85_2050
32_1,MX_C_032,529435,914.5833333333334,100,TRUE,rcp85_2050
18_1,MX_C_018,529435,881.2432432432432,100,TRUE,rcp85_2100
31_1,MX_C_031,529435,903.2941176470588,100,TRUE,rcp85_2100
32_1,MX_C_032,529435,911.6111111111111,100,TRUE,rcp85_2100
22_1,MX_C_022,567144,920.6279069767442,95.55555555555556,TRUE,current
22_1,MX_C_022,567144,919.4772727272727,97.77777777777777,TRUE,rcp26_2050
22_1,MX_C_022,567144,919.4772727272727,97.77777777777777,TRUE,rcp26_2100
22_1,MX_C_022,567144,920.1136363636364,97.77777777777777,TRUE,rcp45_2050
22_1,MX_C_022,567144,919.5681818181819,97.77777777777777,TRUE,rcp45_2100
22_1,MX_C_022,567144,917.4772727272727,97.77777777777777,TRUE,rcp85_2050
22_1,MX_C_022,567144,920.5909090909091,97.77777777777777,TRUE,rcp85_2100
12_2,MX_C_012,591102,888,100,TRUE,current
12_1,MX_C_012,591102,NA,NA,NA,current
10_1,MX_C_010,591102,913.75,100,TRUE,current
12_2,MX_C_012,591102,839.5,100,TRUE,rcp26_2050
12_1,MX_C_012,591102,NA,NA,NA,rcp26_2050
10_1,MX_C_010,591102,889.375,100,TRUE,rcp26_2050
12_2,MX_C_012,591102,839.5,100,TRUE,rcp26_2100
12_1,MX_C_012,591102,NA,NA,NA,rcp26_2100
10_1,MX_C_010,591102,889.375,100,TRUE,rcp26_2100
12_2,MX_C_012,591102,836.5,100,TRUE,rcp45_2050
12_1,MX_C_012,591102,NA,NA,NA,rcp45_2050
10_1,MX_C_010,591102,884.75,100,TRUE,rcp45_2050
12_2,MX_C_012,591102,796,100,TRUE,rcp45_2100
12_1,MX_C_012,591102,NA,NA,NA,rcp45_2100
10_1,MX_C_010,591102,872,100,TRUE,rcp45_2100
12_2,MX_C_012,591102,829.5,100,TRUE,rcp85_2050
12_1,MX_C_012,591102,NA,NA,NA,rcp85_2050
10_1,MX_C_010,591102,885.125,100,TRUE,rcp85_2050
12_2,MX_C_012,591102,788,100,TRUE,rcp85_2100
12_1,MX_C_012,591102,NA,NA,NA,rcp85_2100
10_1,MX_C_010,591102,823.625,100,TRUE,rcp85_2100
